Date,Log_Return
2019-01-02,0.025657066653892002
2019-01-03,-0.027422321806191974
2019-01-04,0.005452331614920425
2019-01-05,-0.0032514872489333158
2019-01-06,0.0584470890549067
2019-01-07,-0.012684700557386464
2019-01-08,0.001390154770684049
2019-01-09,0.0011030020343767433
2019-01-10,-0.09245928249298174
2019-01-11,0.0022917701090907627
2019-01-12,-0.007093684931486877
2019-01-13,-0.030039431790894966
2019-01-14,0.04218810159294328
2019-01-15,-0.020548563372546624
2019-01-16,0.006679301401545601
2019-01-17,0.00642448558032882
2019-01-18,-0.0056498160197318015
2019-01-19,0.019151709058737865
2019-01-20,-0.03480896076891504
2019-01-21,-0.006961443903655606
2019-01-22,0.007950530556472657
2019-01-23,-0.005411671839448573
2019-01-24,0.004381431105509037
2019-01-25,-0.0003054202695444985
2019-01-26,0.0007482631299655651
2019-01-27,-0.005147111803204041
2019-01-28,-0.03218556314914878
2019-01-29,-0.006456126661070982
2019-01-30,0.01097878297095356
2019-01-31,-0.008176606850343049
2019-02-01,0.008682382533651278
2019-02-02,0.00944947812577368
2019-02-03,-0.016334438234448356
2019-02-04,-0.001403801312541475
2019-02-05,0.002080242524957754
2019-02-06,-0.015287693750092757
2019-02-07,-0.0041965833008426046
2019-02-08,0.0756939360941562
2019-02-09,0.0012056010064362965
2019-02-10,0.005157899926350851
2019-02-11,-0.011380348161981857
2019-02-12,0.0013963105132095421
2019-02-13,-0.005890543660870051
2019-02-14,-0.004190873583171495
2019-02-15,0.0010859628225894369
2019-02-16,0.002476157344837304
2019-02-17,0.012062263719125
2019-02-18,0.06376138183178881
2019-02-19,0.007981955101911353
2019-02-20,0.013269765098495867
2019-02-21,-0.01149189028232911
2019-02-22,0.012917451356472043
2019-02-23,0.03363089286305154
2019-02-24,-0.08356456820529345
2019-02-25,0.018788447145977827
2019-02-26,-0.007325399279810796
2019-02-27,-0.0008592791582575643
2019-02-28,0.0009701838898461546
2019-03-01,0.0012440007407157339
2019-03-02,0.00125098400355661
2019-03-03,-0.004471006548913081
2019-03-04,-0.02250631409689774
2019-03-05,0.035213632013155305
2019-03-06,0.001940338762940641
2019-03-07,0.0019299650258197687
2019-03-08,-0.0026502747112910896
2019-03-09,0.01581381071084742
2019-03-10,-0.002959950384815002
2019-03-11,-0.011804535394846383
2019-03-12,0.001005570148075563
2019-03-13,-0.0006241055237001802
2019-03-14,0.004508157464902851
2019-03-15,0.009268473031697866
2019-03-16,0.021928138916456064
2019-03-17,-0.00582041712864978
2019-03-18,0.0018065426803683948
2019-03-19,0.00954703827395953
2019-03-20,0.003992356946232789
2019-03-21,-0.014328401790338674
2019-03-22,-0.0013307952232004538
2019-03-23,0.0029425471310986495
2019-03-24,-0.0033899789796230095
2019-03-25,-0.014801995775437504
2019-03-26,0.005538472822802731
2019-03-27,0.025269802161778543
2019-03-28,-0.00440378414003284
2019-03-29,0.007166825802505272
2019-03-30,0.002019649564678261
2019-03-31,-0.00030585716708841915
2019-04-01,0.01277399843531235
2019-04-02,0.16004197976839407
2019-04-03,0.01890749296950922
2019-04-04,-0.010150461847883818
2019-04-05,0.022870127391311
2019-04-06,0.004583028638013076
2019-04-07,0.027116090148746608
2019-04-08,0.017328472526209282
2019-04-09,-0.016163226787920593
2019-04-10,0.02271680293391576
2019-04-11,-0.05007552528719117
2019-04-12,0.004934263167637454
2019-04-13,0.001383718355681296
2019-04-14,0.013861017615290905
2019-04-15,-0.019661685681246155
2019-04-16,0.032703409546247286
2019-04-17,0.0031234202806835754
2019-04-18,0.00880504810644922
2019-04-19,0.0010237043606338148
2019-04-20,0.006403836037113919
2019-04-21,-0.00438492350363795
2019-04-22,0.01583658335751359
2019-04-23,0.031537678710241934
2019-04-24,-0.0194793465759453
2019-04-25,-0.04766091040689524
2019-04-26,0.013123813423158381
2019-04-27,-0.0020966081203077636
2019-04-28,0.003192925629715404
2019-04-29,-0.007175278992262335
2019-04-30,0.019508686623199267
2019-05-01,0.009665964737195054
2019-05-02,0.018809979754905726
2019-05-03,0.046667295980034496
2019-05-04,0.010841636020002099
2019-05-05,-0.00609950504004253
2019-05-06,-0.008473310560161096
2019-05-07,0.014287066018571437
2019-05-08,0.025899955314045542
2019-05-09,0.03160113331553838
2019-05-10,0.03255511923946841
2019-05-11,0.12175582015101227
2019-05-12,-0.03278809012221373
2019-05-13,0.1140786697230034
2019-05-14,0.022709207625679184
2019-05-15,0.026020895924879994
2019-05-16,-0.03981349360704378
2019-05-17,-0.07108127725881808
2019-05-18,-0.009946983850618096
2019-05-19,0.11992989942799603
2019-05-20,-0.027125846028695833
2019-05-21,-0.0018795372127939913
2019-05-22,-0.03621876354448261
2019-05-23,0.025934032858881295
2019-05-24,0.013299515579216603
2019-05-25,0.00812631735109548
2019-05-26,0.07425157599335819
2019-05-27,0.015168497755126964
2019-05-28,-0.00979326304904582
2019-05-29,-0.0069593521281454684
2019-05-30,-0.04005664796772912
2019-05-31,0.030194039934908545
2019-06-01,-0.0012236008424260092
2019-06-02,0.02067926798314268
2019-06-03,-0.0630180586838609
2019-06-04,-0.0630014783427022
2019-06-05,0.014996473539936162
2019-06-06,-0.0002822410658254171
2019-06-07,0.027977129076807827
2019-06-08,-0.011229371413747913
2019-06-09,-0.03402032381425535
2019-06-10,0.03981203302759084
2019-06-11,-0.009117973017984227
2019-06-12,0.0271447396905522
2019-06-13,0.010388753446054722
2019-06-14,0.054715664950810705
2019-06-15,0.016489111591431183
2019-06-16,0.017508940317693344
2019-06-17,0.03558847752156069
2019-06-18,-0.025932150849556024
2019-06-19,0.020894883881638293
2019-06-20,0.026983496264122664
2019-06-21,0.06279058671001714
2019-06-22,0.0534645342577349
2019-06-23,0.014258184854998746
2019-06-24,0.014244096327892919
2019-06-25,0.06842540313130918
2019-06-26,0.09886766271923975
2019-06-27,-0.1518196739369877
2019-06-28,0.10391011328681188
2019-06-29,-0.03677242770372402
2019-06-30,-0.10038183788517507
2019-07-01,-0.021871650928673603
2019-07-02,0.02043979364930415
2019-07-03,0.1019724231462682
2019-07-04,-0.06438271352158509
2019-07-05,-0.021356009787895758
2019-07-06,0.020741781945806892
2019-07-07,0.021386723467299973
2019-07-08,0.07039331175600338
2019-07-09,0.023159293280457405
2019-07-10,-0.033751227644685855
2019-07-11,-0.06788441618713037
2019-07-12,0.039472753868565746
2019-07-13,-0.03650877331612712
2019-07-14,-0.10507600156656594
2019-07-15,0.06044360141003047
2019-07-16,-0.1393767055806645
2019-07-17,0.022551278856090207
2019-07-18,0.09561955306661929
2019-07-19,-0.012808461572603846
2019-07-20,0.022200991330416642
2019-07-21,-0.015729262974589986
2019-07-22,-0.02444935394202119
2019-07-23,-0.043707966595475156
2019-07-24,-0.009013724991008942
2019-07-25,0.010131621144278569
2019-07-26,-0.004199559341957482
2019-07-27,-0.04059130256046295
2019-07-28,0.007901301370322855
2019-07-29,-0.0035355357080177896
2019-07-30,0.009231027857063978
2019-07-31,0.04857531814577598
2019-08-01,0.030662540264241755
2019-08-02,0.011330721144643618
2019-08-03,0.028451137479914124
2019-08-04,0.01362526706755851
2019-08-05,0.07339741253271903
2019-08-06,-0.028131633051238225
2019-08-07,0.03961210267399373
2019-08-08,0.0020443450527860563
2019-08-09,-0.008684364496771124
2019-08-10,-0.043846706855642736
2019-08-11,0.014823037907254033
2019-08-12,-0.012307995125176774
2019-08-13,-0.043707143389404735
2019-08-14,-0.0806379719242738
2019-08-15,0.025522045965720608
2019-08-16,0.0060711120004821595
2019-08-17,-0.013840282280728644
2019-08-18,0.01108660152588925
2019-08-19,0.0536528635334399
2019-08-20,-0.014098602646118508
2019-08-21,-0.05984026786228647
2019-08-22,-0.0006901282262674613
2019-08-23,0.02696583890848636
2019-08-24,-0.02411676598546819
2019-08-25,-0.0021128053844350347
2019-08-26,0.0226543314762484
2019-08-27,-0.01803098322502983
2019-08-28,-0.043244332321517476
2019-08-29,-0.02535588058642091
2019-08-30,0.009207926773969533
2019-08-31,0.003379326975375463
2019-09-01,0.01313227792802607
2019-09-02,0.05858903991126141
2019-09-03,0.026398798324718697
2019-09-04,-0.0027379439807031503
2019-09-05,-0.0017912085396538657
2019-09-06,-0.021237571181719872
2019-09-07,0.01571165698085153
2019-09-08,-0.007250398184558193
2019-09-09,-0.010233096005396902
2019-09-10,-0.02141782097558753
2019-09-11,0.006149168432955321
2019-09-12,0.02251399403043486
2019-09-13,-0.004774055257204424
2019-09-14,-0.00024114056019008956
2019-09-15,-0.0009983634989048085
2019-09-16,-0.006877180180772768
2019-09-17,-0.00346246270575179
2019-09-18,-0.004209930227212055
2019-09-19,0.006661946401365526
2019-09-20,-0.008291636186186224
2019-09-21,-0.016031424170293462
2019-09-22,0.005044859416292624
2019-09-23,-0.034455250468614196
2019-09-24,-0.12099364952146807
2019-09-25,-0.015616015371175962
2019-09-26,-0.04433175093227604
2019-09-27,0.01623387232043605
2019-09-28,-0.0007189659749151645
2019-09-29,-0.017337268541281148
2019-09-30,0.0231358039600007
2019-10-01,0.0059395226486973485
2019-10-02,0.005947039319424974
2019-10-03,-0.01597938661828735
2019-10-04,-0.0065654260828598154
2019-10-05,-0.0066561963279792025
2019-10-06,-0.02024210447085828
2019-10-07,0.031722604960343403
2019-10-08,-0.0020443649816002107
2019-10-09,0.0436286041566607
2019-10-10,-0.0010786272982699074
2019-10-11,-0.03131474095669695
2019-10-12,0.0017767504383332522
2019-10-13,-0.001866997061055642
2019-10-14,0.006430502888083112
2019-10-15,-0.020424933726610917
2019-10-16,-0.019423891941979576
2019-10-17,0.0069819797390682226
2019-10-18,-0.01625994007694942
2019-10-19,0.0019237257444970624
2019-10-20,0.02881240366522242
2019-10-21,0.002628793271972185
2019-10-22,-0.020282321366639877
2019-10-23,-0.07231210270482968
2019-10-24,-0.0028228801699565764
2019-10-25,0.14476109386093228
2019-10-26,0.06528433388686672
2019-10-27,0.03264079600850067
2019-10-28,-0.031432676505614765
2019-10-29,0.018362811918532174
2019-10-30,-0.023825095718830624
2019-10-31,-0.0006673727616757219
2019-11-01,0.006664947063718785
2019-11-02,0.006845382329238703
2019-11-03,-0.009629700847412437
2019-11-04,0.01901152585439192
2019-11-05,-0.007473715309565421
2019-11-06,0.001962481459161225
2019-11-07,-0.010018996001742053
2019-11-08,-0.051214083806272015
2019-11-09,0.0009877334517121028
2019-11-10,0.02708127536100413
2019-11-11,-0.03343184819093992
2019-11-12,0.006586553240447657
2019-11-13,-0.0008397010971492591
2019-11-14,-0.01143720218148303
2019-11-15,-0.025129397563837585
2019-11-16,0.006896630827938566
2019-11-17,0.0031776852803648836
2019-11-18,-0.03182423938339696
2019-11-19,-0.012490374838556306
2019-11-20,-0.02203907156093976
2019-11-21,-0.049086768125686575
2019-11-22,-0.04635206471928832
2019-11-23,0.01377681495074512
2019-11-24,-0.04845012522266501
2019-11-25,0.013839370591339772
2019-11-26,0.01005783551004491
2019-11-27,0.0424866264353021
2019-11-28,-0.009144267907922554
2019-11-29,0.039170910137082515
2019-11-30,-0.024998412204507048
2019-12-01,-0.01938678230419022
2019-12-02,-0.013875477110813605
2019-12-03,-0.00025170831980858566
2019-12-04,-0.009348132540894838
2019-12-05,0.026704767756074332
2019-12-06,0.01316283930428419
2019-12-07,0.0012237394800749257
2019-12-08,0.0010723690545209053
2019-12-09,-0.02184425368085563
2019-12-10,-0.016728999152695323
2019-12-11,-0.008373983817170583
2019-12-12,0.0035554716584638157
2019-12-13,0.0036588787977542836
2019-12-14,-0.02014895615359613
2019-12-15,0.0038702824709542227
2019-12-16,-0.03121654791103623
2019-12-17,-0.04302813984775078
2019-12-18,0.09150203958984626
2019-12-19,-0.010215599788491403
2019-12-20,0.0022150257023572095
2019-12-21,-0.003838694878929516
2019-12-22,0.04359469833307905
2019-12-23,-0.020981218944278623
2019-12-24,-0.0045095905809819925
2019-12-25,-0.006490977368956763
2019-12-26,-0.00498673477391165
2019-12-27,0.0070371806538602755
2019-12-28,0.0038200628759046396
2019-12-29,0.014200785685396511
2019-12-30,-0.01762220333369413
2019-12-31,-0.013722694823240289
2020-01-01,0.000913616682714391
2020-01-02,-0.030272928096193752
2020-01-03,0.050171745960032155
2020-01-04,0.00891500982389637
2020-01-05,8.914393268888432e-05
2020-01-06,0.04716146723566084
2020-01-07,0.0495268893264047
2020-01-08,-0.01032167320280486
2020-01-09,-0.02516485111441824
2020-01-10,0.035837017057327
2020-01-11,-0.01592428993077455
2020-01-12,0.019095619045758738
2020-01-13,-0.005913064387263134
2020-01-14,0.08059650637836668
2020-01-15,-0.0023537488141354146
2020-01-16,-0.009494746324859804
2020-01-17,0.023255338715641116
2020-01-18,0.001541028275862999
2020-01-19,-0.02680910251619828
2020-01-20,-0.00559813180609936
2020-01-21,0.010141927934055772
2020-01-22,-0.007461951294766678
2020-01-23,-0.0321153677231969
2020-01-24,0.004618933008295301
2020-01-25,-0.009229306182408692
2020-01-26,0.026996838102771648
2020-01-27,0.03576042498236198
2020-01-28,0.049140656693548834
2020-01-29,-0.004493658672814149
2020-01-30,0.02043703691808041
2020-01-31,-0.016805048675941237
2020-02-01,0.004518472151643138
2020-02-02,-0.005177910236525918
2020-02-03,-0.005455970077715477
2020-02-04,-0.01218545364907797
2020-02-05,0.04602834799275257
2020-02-06,0.012033084493943136
2020-02-07,0.006774835392771905
2020-02-08,0.007036859447460131
2020-02-09,0.025179720219250967
2020-02-10,-0.026042505869956045
2020-02-11,0.035052446746270505
2020-02-12,0.011475404940052059
2020-02-13,-0.010873762642184204
2020-02-14,0.009523015160700865
2020-02-15,-0.04185355039924232
2020-02-16,0.004540878520856495
2020-02-17,-0.0248977234415797
2020-02-18,0.04557569247775106
2020-02-19,-0.051449984043289376
2020-02-20,-0.0025892656683303983
2020-02-21,0.008081532009711623
2020-02-22,-0.002404158134973855
2020-02-23,0.026685065475790637
2020-02-24,-0.028031992193655597
2020-02-25,-0.03248723753845262
2020-02-26,-0.05740768792548856
2020-02-27,-0.00409296638844836
2020-02-28,-0.012836217768336766
2020-02-29,-0.00844683596417184
2020-03-01,-0.004318240904803261
2020-03-02,0.03525073959015046
2020-03-03,-0.009274764811754821
2020-03-04,-0.0037097436703970033
2020-03-05,0.03628484201142079
2020-03-06,0.0048110043680758
2020-03-07,-0.023579830530350065
2020-03-08,-0.09430352876922754
2020-03-09,-0.023014293291844012
2020-03-10,-0.001757685080184146
2020-03-11,0.00021498848832735007
2020-03-12,-0.4647301753397741
2020-03-13,0.11268622219754576
2020-03-14,-0.06753557004657296
2020-03-15,0.03624573263084585
2020-03-16,-0.07264505770911889
2020-03-17,0.041245525670191796
2020-03-18,0.002448204386068298
2020-03-19,0.16710432424961397
2020-03-20,0.0012244500086868726
2020-03-21,-0.0022144850761289803
2020-03-22,-0.05907702386253
2020-03-23,0.09578323765146379
2020-03-24,0.04844470857364058
2020-03-25,-0.008011559939721025
2020-03-26,0.005281211361417348
2020-03-27,-0.03741337669931255
2020-03-28,-0.03581324079078918
2020-03-29,-0.05265021330566455
2020-03-30,0.08226844860278604
2020-03-31,0.0013681074096147938
2020-04-01,0.025777803165675905
2020-04-02,0.027888755965960854
2020-04-03,-0.008906283829347217
2020-04-04,0.019725803844387713
2020-04-05,-0.011186860819705657
2020-04-06,0.06838401551364903
2020-04-07,-0.013201383140758693
2020-04-08,0.02173462611620991
2020-04-09,-0.004373997983961431
2020-04-10,-0.06165264619598432
2020-04-11,-0.0009341136128107053
2020-04-12,0.01619809433930719
2020-04-13,-0.018247903368067142
2020-04-14,-0.00038135085635992994
2020-04-15,-0.029712937076682877
2020-04-16,0.06902911272643486
2020-04-17,-0.0029015210954828063
2020-04-18,0.022500902000606615
2020-04-19,-0.009446987957284492
2020-04-20,-0.043707892619057276
2020-04-21,-0.00023764284804528302
2020-04-22,0.033849812461733464
2020-04-23,0.042973347176261
2020-04-24,0.016178084496425882
2020-04-25,0.002517739780348194
2020-04-26,0.01441763608332991
2020-04-27,0.014957356048027393
2020-04-28,0.0014686626299020844
2020-04-29,0.11984140644428898
2020-04-30,-0.01632197818592296
2020-05-01,0.023536910446569692
2020-05-02,0.01387212727903453
2020-05-03,-0.010189912204170426
2020-05-04,0.0017052718293886215
2020-05-05,0.010093566989645808
2020-05-06,0.029084126239824926
2020-05-07,0.07107536685466265
2020-05-08,-0.01099854717229043
2020-05-09,-0.02559949751419488
2020-05-10,-0.09133874992634539
2020-05-11,-0.017817356616017577
2020-05-12,0.02328939648252515
2020-05-13,0.0515216067309936
2020-05-14,0.048814308336528
2020-05-15,-0.0425545413366315
2020-05-16,0.005219563387115045
2020-05-17,0.030843414668986213
2020-05-18,0.005757095071523111
2020-05-19,0.00025318046802702554
2020-05-20,-0.021407053865040382
2020-05-21,-0.04743978112005287
2020-05-22,0.011039704675422257
2020-05-23,0.002904542937139709
2020-05-24,-0.046555848053543514
2020-05-25,0.013173543308948155
2020-05-26,-0.008103063993219806
2020-05-27,0.0384109712226941
2020-05-28,0.03686071480897368
2020-05-29,-0.00913557886418559
2020-05-30,0.02730538972956431
2020-05-31,-0.024984292562995947
2020-06-01,0.07198931640233752
2020-06-02,-0.0647494748028361
2020-06-03,0.01322969499089588
2020-06-04,0.014793539385651755
2020-06-05,-0.013881075272664134
2020-06-06,-0.0012271221586050984
2020-06-07,0.010835668358636141
2020-06-08,0.001294060354382509
2020-06-09,0.002474647666023344
2020-06-10,0.007565917007305245
2020-06-11,-0.05715571914128326
2020-06-12,0.016919583790143022
2020-06-13,-0.0005872938226616498
2020-06-14,-0.009382843818569242
2020-06-15,0.00678586233768641
2020-06-16,0.009197339368025581
2020-06-17,-0.006075177257296005
2020-06-18,-0.007242643975011731
2020-06-19,-0.013243316204146538
2020-06-20,0.00476063307275254
2020-06-21,-0.0030812411837963793
2020-06-22,0.0364203993156309
2020-06-23,-0.001977301049160829
2020-06-24,-0.03337092327378066
2020-06-25,-0.0052530814953222205
2020-06-26,-0.011059043986902495
2020-06-27,-0.012909378740094013
2020-06-28,0.010796911071169646
2020-06-29,0.005156696867222976
2020-06-30,-0.005768117633966341
2020-07-01,0.009836784692076606
2020-07-02,-0.011433924918010874
2020-07-03,-0.0039654121072665305
2020-07-04,0.004959953765061087
2020-07-05,-0.006431364974035958
2020-07-06,0.03269036405452752
2020-07-07,-0.01322747502849353
2020-07-08,0.018849585054621087
2020-07-09,-0.016076772716191456
2020-07-10,9.051613040611528e-05
2020-07-11,-0.004153644618959618
2020-07-12,0.0039049160883397604
2020-07-13,-0.00355135786885441
2020-07-14,-4.331631390286361e-05
2020-07-15,-0.0054650618081169
2020-07-16,-0.0066149394632759595
2020-07-17,0.0020964170070048027
2020-07-18,0.0008353119275827936
2020-07-19,0.0029193317943754238
2020-07-20,-0.0023526855605595642
2020-07-21,0.02272657241900866
2020-07-22,0.01592346743118611
2020-07-23,0.005831453188376301
2020-07-24,-0.004621806400933792
2020-07-25,0.014595935230039103
2020-07-26,0.023292897324559192
2020-07-27,0.10400866598506298
2020-07-28,-0.007126663372122977
2020-07-29,0.01704870717725271
2020-07-30,0.0009676074745073038
2020-07-31,0.01892242337372707
2020-08-01,0.037792033732147345
2020-08-02,-0.06191185712282632
2020-08-03,0.01728605335624067
2020-08-04,-0.0036037470015539697
2020-08-05,0.04716003790353618
2020-08-06,0.0027841443313860736
2020-08-07,-0.01525190204918836
2020-08-08,0.013065469924047335
2020-08-09,-0.006684391826166092
2020-08-10,0.017184200904589275
2020-08-11,-0.04016111286278701
2020-08-12,0.015169300755772497
2020-08-13,0.017048853955415666
2020-08-14,-0.0012963612281762238
2020-08-15,0.008193734253124418
2020-08-16,0.0022817499658511764
2020-08-17,0.029951760409884898
2020-08-18,-0.021709414754999656
2020-08-19,-0.019617886991365907
2020-08-20,0.010161327741759152
2020-08-21,-0.0243618627931248
2020-08-22,0.0076768212803930425
2020-08-23,-0.0014543864269729312
2020-08-24,0.009364458635236161
2020-08-25,-0.03530600440853249
2020-08-26,0.010696334763965254
2020-08-27,-0.014463477673961833
2020-08-28,0.019164718595602537
2020-08-29,-0.0030920412474539916
2020-08-30,0.017627931208673786
2020-08-31,-0.002623558191723774
2020-09-01,0.02449528784504018
2020-09-02,-0.04759982836281473
2020-09-03,-0.108024907829682
2020-09-04,0.02568095890557487
2020-09-05,-0.03310004713411807
2020-09-06,0.010834787536524004
2020-09-07,0.00864046839153687
2020-09-08,-0.023223905590111116
2020-09-09,0.010879835709758368
2020-09-10,0.011724294913523892
2020-09-11,0.0036386352484214513
2020-09-12,0.003958714499077587
2020-09-13,-0.011404867595945944
2020-09-14,0.034003650927763474
2020-09-15,0.010812510742823633
2020-09-16,0.016347532426243205
2020-09-17,-0.0023640918305822822
2020-09-18,-0.000402336913788659
2020-09-19,0.013590771382837374
2020-09-20,-0.014167885530092406
2020-09-21,-0.044493310828050525
2020-09-22,0.007256944592073822
2020-09-23,-0.028125828810468434
2020-09-24,0.0489361364351204
2020-09-25,-0.006278889783731145
2020-09-26,0.005410230472936206
2020-09-27,0.0022805831897407813
2020-09-28,-0.006108227146349066
2020-09-29,0.012525583307516186
2020-09-30,-0.005561903231040333
2020-10-01,-0.01542167540122108
2020-10-02,-0.0041025453782754795
2020-10-03,-0.002522616697699931
2020-10-04,0.011334718114117237
2020-10-05,0.011532279024732972
2020-10-06,-0.01765966406225239
2020-10-07,0.006069812450622436
2020-10-08,0.0228613846473138
2020-10-09,0.01353719392318986
2020-10-10,0.02074267777372718
2020-10-11,0.0077441489400023045
2020-10-12,0.014924866101628353
2020-10-13,-0.011267025530866448
2020-10-14,0.00031567340046478876
2020-10-15,0.005744241377636072
2020-10-16,-0.015183968290795491
2020-10-17,0.0031726798498965536
2020-10-18,0.010967693217915908
2020-10-19,0.022276341465063965
2020-10-20,0.01473482660524894
2020-10-21,0.07338405430586903
2020-10-22,0.011027987566796682
2020-10-23,-0.0026529704553777123
2020-10-24,0.01355828284978422
2020-10-25,-0.0058830252475114975
2020-10-26,0.003376507193094014
2020-10-27,0.04332755896265361
2020-10-28,-0.02844584941845696
2020-10-29,0.012475103458648107
2020-10-30,0.008052075583307783
2020-10-31,0.017160608140629918
2020-11-01,-0.003189593193523521
2020-11-02,-0.01367823012311753
2020-11-03,0.02907841515337317
2020-11-04,0.013061444695718905
2020-11-05,0.09741581080424488
2020-11-06,-0.0008969303080483826
2020-11-07,-0.048176141274296924
2020-11-08,0.04261566759184454
2020-11-09,-0.009558200327299815
2020-11-10,-0.0027046871096150227
2020-11-11,0.026488015591814573
2020-11-12,0.035966700891263415
2020-11-13,0.002544313205715909
2020-11-14,-0.015418716403051036
2020-11-15,-0.00702924092609436
2020-11-16,0.04656389869041355
2020-11-17,0.05410247584413774
2020-11-18,0.00894799987636219
2020-11-19,0.0007346200168818484
2020-11-20,0.04414876269819423
2020-11-21,0.0011227042351791283
2020-11-22,-0.014710561659747157
2020-11-23,-0.0003201850997101019
2020-11-24,0.03968026776556144
2020-11-25,-0.01983933237463731
2020-11-26,-0.0882052536237854
2020-11-27,-0.002464794256027858
2020-11-28,0.03497829330026647
2020-11-29,0.025635704702411388
2020-11-30,0.07666315234015286
2020-12-01,-0.04283053060242814
2020-12-02,0.020950814137307816
2020-12-03,0.012643316046181852
2020-12-04,-0.03909946752423288
2020-12-05,0.024012613075875322
2020-12-06,0.009916644389898366
2020-12-07,-0.00796595656131771
2020-12-08,-0.046418459556244684
2020-12-09,0.01262504102957962
2020-12-10,-0.015694640220806022
2020-12-11,-0.011347356530151842
2020-12-12,0.04041245632345891
2020-12-13,0.017853539827285658
2020-12-14,0.005431863337978626
2020-12-15,0.008816158477202407
2020-12-16,0.09305159757677828
2020-12-17,0.06778242711074967
2020-12-18,0.014487680725324026
2020-12-19,0.031140804146840395
2020-12-20,-0.01658162294561727
2020-12-21,-0.02913807693232684
2020-12-22,0.0420765679457773
2020-12-23,-0.023039436663008672
2020-12-24,0.02105790865039303
2020-12-25,0.03838601817057885
2020-12-26,0.06938918605018252
2020-12-27,-0.006250988870124985
2020-12-28,0.030458043294242287
2020-12-29,0.010198176486275301
2020-12-30,0.052625181889350614
2020-12-31,0.005558802229053583
2021-01-01,0.012759952848226064
2021-01-02,0.08959001114880749
2021-01-03,0.02017517240339295
2021-01-04,-0.025022467355816147
2021-01-05,0.06128001171320463
2021-01-06,0.08002182823087978
2021-01-07,0.06687092425852725
2021-01-08,0.03559288987944953
2021-01-09,-0.013400522620514721
2021-01-10,-0.0483004859568652
2021-01-11,-0.07551390060372576
2021-01-12,-0.0473164778588302
2021-01-13,0.0953397207362574
2021-01-14,0.04892161277885165
2021-01-15,-0.062166498972308304
2021-01-16,-0.01773184714361875
2021-01-17,-0.010750872199338346
2021-01-18,0.02316538885922803
2021-01-19,-0.015413522880193042
2021-01-20,-0.014579216975338483
2021-01-21,-0.14252813081835924
2021-01-22,0.0683334114753027
2021-01-23,-0.028834641394270832
2021-01-24,0.006890847351744611
2021-01-25,0.0023822686367900303
2021-01-26,0.006266383460683755
2021-01-27,-0.06787434522440883
2021-01-28,0.09502025954716942
2021-01-29,0.02509007084781878
2021-01-30,-0.0013665573129024722
2021-01-31,-0.03428942338957164
2021-02-01,0.012687542067995494
2021-02-02,0.05716793887942018
2021-02-03,0.053773897801539405
2021-02-04,-0.014678676703823612
2021-02-05,0.03245885330843379
2021-02-06,0.028982741281131652
2021-02-07,-0.00927658818340582
2021-02-08,0.1718205618881239
2021-02-09,0.0061426193854519084
2021-02-10,-0.03420320342962846
2021-02-11,0.06446761605839413
2021-02-12,-0.008478464657924789
2021-02-13,-0.00844174525182062
2021-02-14,0.03364387990623818
2021-02-15,-0.015978235928811202
2021-02-16,0.025835260740748822
2021-02-17,0.05821415216952097
2021-02-18,-0.009038226589304088
2021-02-19,0.07828513543693205
2021-02-20,0.0037751835203785333
2021-02-21,0.025352159710532618
2021-02-22,-0.05966344725525374
2021-02-23,-0.10458524450100981
2021-02-24,0.0178814957381217
2021-02-25,-0.05396975925205183
2021-02-26,-0.016142075456887284
2021-02-27,-0.003270542479990368
2021-02-28,-0.023010476566760474
2021-03-01,0.09490116032713836
2021-03-02,-0.025554925208490786
2021-03-03,0.043664727693901284
2021-03-04,-0.03990612219912748
2021-03-05,0.0075114201765362765
2021-03-06,-0.0003050270395785759
2021-03-07,0.04583962336068126
2021-03-08,0.02010313651550355
2021-03-09,0.048156840253234634
2021-03-10,0.021374179798028692
2021-03-11,0.03157300039029742
2021-03-12,-0.00821687285311512
2021-03-13,0.0659904612617126
2021-03-14,-0.0322025926592886
2021-03-15,-0.05895520841682256
2021-03-16,0.015929471547609708
2021-03-17,0.03572418708035663
2021-03-18,-0.017339151916612394
2021-03-19,0.008394319050578858
2021-03-20,-0.0005658791253750906
2021-03-21,-0.01364390413984573
2021-03-22,-0.05345688104443269
2021-03-23,0.0038401154329434917
2021-03-24,-0.03655175777765862
2021-03-25,-0.020485432915554824
2021-03-26,0.06428841931989204
2021-03-27,0.015051908974824002
2021-03-28,-0.0004068041327034422
2021-03-29,0.03165502939331688
2021-03-30,0.020014609919984494
2021-03-31,1.9359447593458867e-05
2021-04-01,0.002999232878687863
2021-04-02,0.004870090844088182
2021-04-03,-0.030439981167967645
2021-04-04,0.01984664313237694
2021-04-05,0.005081207326213644
2021-04-06,-0.014763897549620708
2021-04-07,-0.037528870853165586
2021-04-08,0.039787675704227254
2021-04-09,-0.0013545498361153818
2021-04-10,0.02623419809666494
2021-04-11,0.0068623043874040945
2021-04-12,-0.005187618998144572
2021-04-13,0.058527143450268326
2021-04-14,-0.006219938149170545
2021-04-15,0.00323225111697667
2021-04-16,-0.027886621874568363
2021-04-17,-0.01454292610140584
2021-04-18,-0.07647243109811974
2021-04-19,-0.008788979117795748
2021-04-20,0.013347500558966274
2021-04-21,-0.04651974554182736
2021-04-22,-0.040581883746806824
2021-04-23,-0.013001302685205829
2021-04-24,-0.020620437180109974
2021-04-25,-0.02113272327896709
2021-04-26,0.0974797068019555
2021-04-27,0.01854831914865329
2021-04-28,-0.0037942553737355666
2021-04-29,-0.0234296738251345
2021-04-30,0.0754151877209619
2021-05-01,0.0013475723603129097
2021-05-02,-0.020916047590224807
2021-05-03,0.01000110220540229
2021-05-04,-0.06999363622377608
2021-05-05,0.07389708647447613
2021-05-06,-0.01805509355764201
2021-05-07,0.01687709678143534
2021-05-08,0.0249216197027895
2021-05-09,-0.00976562803402814
2021-05-10,-0.04159554115971531
2021-05-11,0.015009957344290115
2021-05-12,-0.1429671467730369
2021-05-13,0.01144292811009251
2021-05-14,0.003300186759766177
2021-05-15,-0.06459870319528349
2021-05-16,-0.006525257090235215
2021-05-17,-0.0648839844864657
2021-05-18,-0.014531934084628162
2021-05-19,-0.14810707635188614
2021-05-20,0.09727501612396061
2021-05-21,-0.08913981683679317
2021-05-22,0.006198237437244458
2021-05-23,-0.07654564579833334
2021-05-24,0.10722243682664256
2021-05-25,-0.007878782581023813
2021-05-26,0.02296156581276776
2021-05-27,-0.02205718107153487
2021-05-28,-0.07393611150144253
2021-05-29,-0.03076569154215214
2021-05-30,0.030219944078986316
2021-05-31,0.04533591723246566
2021-06-01,-0.017507853573118126
2021-06-02,0.023977788702314484
2021-06-03,0.042556616951369364
2021-06-04,-0.060840387267125706
2021-06-05,-0.03706474257477588
2021-06-06,0.00869359985018825
2021-06-07,-0.06633285563534308
2021-06-08,-0.0026277750634573493
2021-06-09,0.10947410238213884
2021-06-10,-0.017354742993129335
2021-06-11,0.017067578415986162
2021-06-12,-0.04890419504040544
2021-06-13,0.09505680129465688
2021-06-14,0.028258787966320753
2021-06-15,0.0046584533275275675
2021-06-16,-0.05230703159614336
2021-06-17,-0.007684760787668665
2021-06-18,-0.0614015913917374
2021-06-19,-0.004800219817294504
2021-06-20,0.002311625313792476
2021-06-21,-0.11952179584867828
2021-06-22,0.025833047609392423
2021-06-23,0.03676667515561327
2021-06-24,0.027475699857644642
2021-06-25,-0.09130465397426413
2021-06-26,0.017188238400922984
2021-06-27,0.07374727447930951
2021-06-28,-0.00623326245575484
2021-06-29,0.04078512112413968
2021-06-30,-0.023325202965851943
2021-07-01,-0.042818245600875215
2021-07-02,0.009632020913439732
2021-07-03,0.022504948021344617
2021-07-04,0.017703918010917974
2021-07-05,-0.04467475626166717
2021-07-06,0.014392210079462231
2021-07-07,-0.011157826650300962
2021-07-08,-0.029311778537964628
2021-07-09,0.0276173634478738
2021-07-10,-0.008244201233594595
2021-07-11,0.021242252673875583
2021-07-12,-0.03218092634783076
2021-07-13,-0.0137820864258007
2021-07-14,0.0036725998364310897
2021-07-15,-0.03224946835684328
2021-07-16,-0.011366530858486712
2021-07-17,0.0035431692173464313
2021-07-18,0.008329203113175865
2021-07-19,-0.03127250298871154
2021-07-20,-0.033338555734211184
2021-07-21,0.0744341723569324
2021-07-22,0.006283788882168295
2021-07-23,0.038503942271905345
2021-07-24,0.020948244356670642
2021-07-25,0.030378619797657436
2021-07-26,0.05469542869161259
2021-07-27,0.053942853488036846
2021-07-28,0.014835126516453911
2021-07-29,0.0003128737005972937
2021-07-30,0.054172230652618225
2021-07-31,-0.014532545375150363
2021-08-01,-0.040478043755713955
2021-08-02,-0.01952524946480949
2021-08-03,-0.027122491205131993
2021-08-04,0.04094316463847747
2021-08-05,0.027838357371246403
2021-08-06,0.04653814062641537
2021-08-07,0.03981881145877608
2021-08-08,-0.01715152390208985
2021-08-09,0.05696271209006909
2021-08-10,-0.016974141392609
2021-08-11,0.00018876057234251675
2021-08-12,-0.025891753544200924
2021-08-13,0.0730094797189178
2021-08-14,-0.01467774375797326
2021-08-15,-0.0010609584864251786
2021-08-16,-0.022408306921166243
2021-08-17,-0.0288691990345864
2021-08-18,0.002364966650011624
2021-08-19,0.0418858533323494
2021-08-20,0.054597906983852695
2021-08-21,-0.008828701235467307
2021-08-22,0.008473475397265062
2021-08-23,0.004541346683280878
2021-08-24,-0.037844894330950396
2021-08-25,0.025960121950429738
2021-08-26,-0.04210229745237548
2021-08-27,0.044099430302267706
2021-08-28,-0.0031903644385735674
2021-08-29,-0.0014850847584071403
2021-08-30,-0.03702463994727623
2021-08-31,0.0023710718587306445
2021-09-01,0.035005653788017455
2021-09-02,0.009792724788171725
2021-09-03,0.014044128006187151
2021-09-04,-0.001615484996733585
2021-09-05,0.03557543501667304
2021-09-06,0.016863140380221964
2021-09-07,-0.11723249529729962
2021-09-08,-0.015494793572990773
2021-09-09,0.006488390533952781
2021-09-10,-0.03303518664446514
2021-09-11,0.007049939410356032
2021-09-12,0.01888655452823862
2021-09-13,-0.024174296052118294
2021-09-14,0.04627200677790988
2021-09-15,0.02275460131450835
2021-09-16,-0.008190739435939065
2021-09-17,-0.010854079709277542
2021-09-18,0.021160126154024184
2021-09-19,-0.021314594702564804
2021-09-20,-0.09810793836995657
2021-09-21,-0.05148826786332528
2021-09-22,0.06839960199678252
2021-09-23,0.02985630902322356
2021-09-24,-0.04686219528987401
2021-09-25,-0.002878952738409879
2021-09-26,0.011450682044497285
2021-09-27,-0.022771582829570036
2021-09-28,-0.028852332947741033
2021-09-29,0.012828924814572318
2021-09-30,0.05218276011816414
2021-10-01,0.09420841893127907
2021-10-02,-0.008462113921140713
2021-10-03,0.010185835179136404
2021-10-04,0.01876372859342723
2021-10-05,0.047747610534685236
2021-10-06,0.07201410137731123
2021-10-07,-0.028498794333346567
2021-10-08,0.0030037607441677494
2021-10-09,0.018366792910816443
2021-10-10,-0.003583836316876088
2021-10-11,0.04834896270757305
2021-10-12,-0.025435763506084896
2021-10-13,0.02397881481648234
2021-10-14,-0.0013872457018972995
2021-10-15,0.07188745837457944
2021-10-16,-0.011458884632588706
2021-10-17,0.010803865067540386
2021-10-18,0.0076462923492908175
2021-10-19,0.0354134436604987
2021-10-20,0.026577834542036882
2021-10-21,-0.059027668390729815
2021-10-22,-0.024702251082704407
2021-10-23,0.011489604888575755
2021-10-24,-0.007566491344887183
2021-10-25,0.03402727333400435
2021-10-26,-0.043377186101063
2021-10-27,-0.03166384386368293
2021-10-28,0.03593449158802464
2021-10-29,0.02614437550515447
2021-10-30,-0.005464750380490102
2021-10-31,-0.009250698649358569
2021-11-01,-0.005142950065019747
2021-11-02,0.03577587734847398
2021-11-03,-0.004062805617151
2021-11-04,-0.024399034254608765
2021-11-05,-0.005328129187967434
2021-11-06,0.006551908440947329
2021-11-07,0.028827681539784322
2021-11-08,0.06480556096155787
2021-11-09,-0.00884509918220111
2021-11-10,-0.02995816542044416
2021-11-11,-0.0006967481072823745
2021-11-12,-0.012300437518714347
2021-11-13,0.004875963708276032
2021-11-14,0.015351084638069779
2021-11-15,-0.029592905846715922
2021-11-16,-0.054922454251583375
2021-11-17,0.0034309649222326044
2021-11-18,-0.058423750403308716
2021-11-19,0.020466973046305625
2021-11-20,0.026782459618040377
2021-11-21,-0.016326255638853482
2021-11-22,-0.04245451447744841
2021-11-23,0.022481248103211726
2021-11-24,-0.022638719964637843
2021-11-25,0.017511838160780613
2021-11-26,-0.06687380102128238
2021-11-27,0.02298046960742184
2021-11-28,0.043435386277888455
2021-11-29,0.009701684218224926
2021-11-30,-0.013955922421075684
2021-12-01,0.003928780734842263
2021-12-02,-0.013227302108742123
2021-12-03,-0.05233158566534257
2021-12-04,-0.08560843085516368
2021-12-05,0.003411696472447545
2021-12-06,0.02428852685142857
2021-12-07,0.0023194677368660876
2021-12-08,-0.0038592862213864265
2021-12-09,-0.0577215558084756
2021-12-10,-0.009035819421615798
2021-12-11,0.04388024071672447
2021-12-12,0.014796607838164277
2021-12-13,-0.06944137030817465
2021-12-14,-0.0026748276204262567
2021-12-15,0.04783877809998138
2021-12-16,-0.02550406419845963
2021-12-17,-0.03118009325604021
2021-12-18,0.013898695656308746
2021-12-19,-0.0030305301841355714
2021-12-20,0.003702680378991019
2021-12-21,0.04292879288746754
2021-12-22,-0.006315834406489529
2021-12-23,0.04338193932958667
2021-12-24,0.0007412156675563608
2021-12-25,-0.007749727198993028
2021-12-26,0.007500204929835164
2021-12-27,-0.003333620966692763
2021-12-28,-0.0621514265119778
2021-12-29,-0.024336011956341608
2021-12-30,0.015667738713133872
2021-12-31,-0.018649172756866506
2022-01-01,0.0293737331477697
2022-01-02,-0.007189054400020822
2022-01-03,-0.01891463669576332
2022-01-04,-0.012138934663861178
2022-01-05,-0.05206628845481376
2022-01-06,-0.009410297303588777
2022-01-07,-0.037847988650375086
2022-01-08,0.0042270483325967945
2022-01-09,0.004247935206112885
2022-01-10,-0.002157811766201334
2022-01-11,0.02163341063743829
2022-01-12,0.027993907251913086
2022-01-13,-0.03137582795207017
2022-01-14,0.011859664695821337
2022-01-15,0.001801155622210615
2022-01-16,-0.0014722123644013152
2022-01-17,-0.020227571699049207
2022-01-18,0.0029561092566119385
2022-01-19,-0.015009910442870478
2022-01-20,-0.025816743095603556
2022-01-21,-0.10960468291544068
2022-01-22,-0.039930188839646164
2022-01-23,0.03496657378118151
2022-01-24,0.010352967106697974
2022-01-25,0.008142486826951512
2022-01-26,-0.002760824449564936
2022-01-27,0.007733837890786077
2022-01-28,0.01724750509041506
2022-01-29,0.009321351739208339
2022-01-30,-0.005800446457154607
2022-01-31,0.014804408066392938
2022-02-01,0.0067373185026333715
2022-02-02,-0.04731073995912283
2022-02-03,0.0054412158319916415
2022-02-04,0.11062688345744753
2022-02-05,-0.0014398234837340596
2022-02-06,0.023166876517578316
2022-02-07,0.0331115827095374
2022-02-08,0.006324808965338491
2022-02-09,0.004982113681997191
2022-02-10,-0.017603393781389087
2022-02-11,-0.026921126055171385
2022-02-12,-0.0038621218328671603
2022-02-13,-0.0011120802095430093
2022-02-14,0.009185768314631915
2022-02-15,0.04563060448723988
2022-02-16,-0.013855295049898686
2022-02-17,-0.08108233071910398
2022-02-18,-0.012586526423760347
2022-02-19,0.002275138191892623
2022-02-20,-0.043054421746525406
2022-02-21,-0.03592381094835417
2022-02-22,0.03213453434150715
2022-02-23,-0.02618363461542117
2022-02-24,0.027399579951550734
2022-02-25,0.022738450595305437
2022-02-26,-0.0027852723260775036
2022-02-27,-0.03633451792442699
2022-02-28,0.13576425730332176
2022-03-01,0.02653338033252517
2022-03-02,-0.00975371593540686
2022-03-03,-0.03409447865241333
2022-03-04,-0.08128527556523579
2022-03-05,0.0066969062286332814
2022-03-06,-0.025202937052357655
2022-03-07,-0.009360315270734887
2022-03-08,0.017584738215960627
2022-03-09,0.0804608330138592
2022-03-10,-0.06254685680053029
2022-03-11,-0.016425482290646443
2022-03-12,0.002806706804667769
2022-03-13,-0.027475269974985395
2022-03-14,0.04689129940953407
2022-03-15,-0.008302471898177899
2022-03-16,0.04486546767419952
2022-03-17,-0.0046909168777933274
2022-03-18,0.020538517974936
2022-03-19,0.009274687432013096
2022-03-20,-0.022600322885967472
2022-03-21,-0.0041257618874652735
2022-03-22,0.030703791309973028
2022-03-23,0.012531246090631498
2022-03-24,0.02459372596578646
2022-03-25,0.008782716407665703
2022-03-26,0.003423715485570966
2022-03-27,0.05081317579238309
2022-03-28,0.006546412763370313
2022-03-29,0.007140599739189568
2022-03-30,-0.008527995234731023
2022-03-31,-0.03291800954258228
2022-04-01,0.016183454010016973
2022-04-02,-0.008957035540669622
2022-04-03,0.012664841243047675
2022-04-04,0.0036337857461319345
2022-04-05,-0.023144860605896156
2022-04-06,-0.052945705100574614
2022-04-07,0.006852924231532498
2022-04-08,-0.028353972258937432
2022-04-09,0.011625235289933755
2022-04-10,-0.013518646577317384
2022-04-11,-0.06574699455484989
2022-04-12,0.015198991801760542
2022-04-13,0.025576417495491555
2022-04-14,-0.030364373354540675
2022-04-15,0.015355179227128701
2022-04-16,-0.0031855728397047756
2022-04-17,-0.017657522881942
2022-04-18,0.027546268364385895
2022-04-19,0.016435294339235185
2022-04-20,-0.003097867846211244
2022-04-21,-0.02068443970831879
2022-04-22,-0.019611085251920457
2022-04-23,-0.00640161932757799
2022-04-24,-0.0004417015833446669
2022-04-25,0.02474905007609607
2022-04-26,-0.05959955698854813
2022-04-27,0.029052734994520435
2022-04-28,0.01348390672152533
2022-04-29,-0.029702353660828962
2022-04-30,-0.023452178557919368
2022-05-01,0.01980058020040154
2022-05-02,0.0015645616058179712
2022-05-03,-0.020422241840901023
2022-05-04,0.0503126775329914
2022-05-05,-0.08194136472907587
2022-05-06,-0.014713780107637575
2022-05-07,-0.015067299056939376
2022-05-08,-0.04148559878699665
2022-05-09,-0.1170549632581519
2022-05-10,0.02367869238648268
2022-05-11,-0.06962706368651972
2022-05-12,0.0038423156405116288
2022-05-13,0.00806958299328464
2022-05-14,0.027556540350856196
2022-05-15,0.039214229608877105
2022-05-16,-0.047163938825930174
2022-05-17,0.01867531097186692
2022-05-18,-0.0576896230339532
2022-05-19,0.05401747251089617
2022-05-20,-0.03742660999960279
2022-05-21,0.007896156156526501
2022-05-22,0.029840116535785555
2022-05-23,-0.041229610336666056
2022-05-24,0.018949781767068075
2022-05-25,-0.0031485281301595336
2022-05-26,-0.010033699544871766
2022-05-27,-0.022097889022564488
2022-05-28,0.006522241153916752
2022-05-29,0.02166399017895948
2022-05-30,0.07459222816391886
2022-05-31,0.002075607477006969
2022-06-01,-0.06474693067083415
2022-06-02,0.022182633910983185
2022-06-03,-0.025365289710190808
2022-06-04,0.004317415368904065
2022-06-05,0.0024689858570869916
2022-06-06,0.04779217112896639
2022-06-07,-0.0068833346588697
2022-06-08,-0.03067294698343126
2022-06-09,-0.0033934595457960626
2022-06-10,-0.03474221923779908
2022-06-11,-0.025173197410301995
2022-06-12,-0.058001081518820996
2022-06-13,-0.17405255177667023
2022-06-14,-0.012556416941055915
2022-06-15,0.016349175083862022
2022-06-16,-0.10211240133010335
2022-06-17,0.00439781088256197
2022-06-18,-0.07366571122488885
2022-06-19,0.077653019524071
2022-06-20,0.0022484805325770907
2022-06-21,0.005376928208097098
2022-06-22,-0.03556200532463194
2022-06-23,0.0535199496525518
2022-06-24,0.006889809613761955
2022-06-25,0.012668381046625043
2022-06-26,-0.02234031636729661
2022-06-27,-0.013975180844797208
2022-06-28,-0.022179692795420536
2022-06-29,-0.008746512259888206
2022-06-30,-0.016009711756280964
2022-07-01,-0.026393611667963057
2022-07-02,-0.001407955856373988
2022-07-03,0.002844903976512825
2022-07-04,0.047275427183008034
2022-07-05,-0.002035878126305235
2022-07-06,0.017582449257883326
2022-07-07,0.05165639338861894
2022-07-08,0.004313222712422515
2022-07-09,-0.00641274116384416
2022-07-10,-0.03447747972502668
2022-07-11,-0.04359596339476646
2022-07-12,-0.032915621389021155
2022-07-13,0.0449367599448216
2022-07-14,0.017549651263241373
2022-07-15,0.012868197042893215
2022-07-16,0.016846296291969765
2022-07-17,-0.01958489970974675
2022-07-18,0.07891967823012891
2022-07-19,0.03940528200341831
2022-07-20,-0.0067652436363694335
2022-07-21,-0.0028926217700480095
2022-07-22,-0.019601945764883055
2022-07-23,-0.011044710597188256
2022-07-24,0.006375470790258575
2022-07-25,-0.05675565978203245
2022-07-26,-0.00572504382684258
2022-07-27,0.07659542154936183
2022-07-28,0.03905783089201442
2022-07-29,-0.0016476446914399645
2022-07-30,-0.006254683466181632
2022-07-31,-0.013589886059607537
2022-08-01,-0.0009730647082903943
2022-08-02,-0.014520247082613125
2022-08-03,-0.0057440617075421585
2022-08-04,-0.009479525568520941
2022-08-05,0.02867589908816015
2022-08-06,-0.014185359813053466
2022-08-07,0.009303252730044065
2022-08-08,0.026971545344579795
2022-08-09,-0.02747099349637594
2022-08-10,0.033256795053882016
2022-08-11,0.00041276206736817755
2022-08-12,0.018415982056897207
2022-08-13,0.0008704221288589054
2022-08-14,-0.004297383077330963
2022-08-15,-0.00752687118445472
2022-08-16,-0.010565706274135778
2022-08-17,-0.023181944883864603
2022-08-18,-0.005295957030778453
2022-08-19,-0.10602664190168731
2022-08-20,0.013724431302662765
2022-08-21,0.017239723512556537
2022-08-22,-0.00629880257162263
2022-08-23,0.006018593854662413
2022-08-24,-0.006200333278529868
2022-08-25,0.009577016652956516
2022-08-26,-0.06408571655966355
2022-08-27,-0.01083244981392717
2022-08-28,-0.02142993430725504
2022-08-29,0.03413499162998335
2022-08-30,-0.025001327783567007
2022-08-31,0.012696624168793136
2022-09-01,0.0038518173635360142
2022-09-02,-0.0078494796911599
2022-09-03,-0.006918477935498046
2022-09-04,0.007766470822270222
2022-09-05,-0.00876115199617189
2022-09-06,-0.05044806467236107
2022-09-07,0.023745153749135994
2022-09-08,0.0020460703035372063
2022-09-09,0.10086009766789061
2022-09-10,0.013905238413398635
2022-09-11,0.004083651963044943
2022-09-12,0.027242163871664005
2022-09-13,-0.09728219892342338
2022-09-14,-0.0027439686753734094
2022-09-15,-0.027034586241262204
2022-09-16,0.0036162281734331003
2022-09-17,0.017794492715736965
2022-09-18,-0.0358128060475007
2022-09-19,0.006396912022912815
2022-09-20,-0.034000477547087016
2022-09-21,-0.01834481351522399
2022-09-22,0.04564167754912951
2022-09-23,-0.0059885762967120115
2022-09-24,-0.018864440709329244
2022-09-25,-0.007149858037086787
2022-09-26,0.022121968157295058
2022-09-27,-0.0058500341701694936
2022-09-28,0.016409099157190354
2022-09-29,0.007504185755092152
2022-09-30,-0.007243323491751497
2022-10-01,-0.00617871650655033
2022-10-02,-0.013973887936277407
2022-10-03,0.02997417630734489
2022-10-04,0.035702295702778386
2022-10-05,-0.008698206075026249
2022-10-06,-0.010234041758595325
2022-10-07,-0.02068782806747471
2022-10-08,-0.006687387417162682
2022-10-09,0.0015365479891418232
2022-10-10,-0.01580535214708867
2022-10-11,-0.00471640371270432
2022-10-12,0.0055498963744717855
2022-10-13,0.011700026522296625
2022-10-14,-0.010228526229370871
2022-10-15,-0.0061705466755910265
2022-10-16,0.010458171486817491
2022-10-17,0.01456349413146718
2022-10-18,-0.011127327349329974
2022-10-19,-0.010130621895941161
2022-10-20,-0.004492679159129764
2022-10-21,0.0062119106533931046
2022-10-22,0.001861391394053058
2022-10-23,0.018508150954172464
2022-10-24,-0.011381303255268094
2022-10-25,0.038050125599863094
2022-10-26,0.03301719435894768
2022-10-27,-0.0236079843216217
2022-10-28,0.015142492579418132
2022-10-29,0.010775490653264441
2022-10-30,-0.008822978719624786
2022-10-31,-0.006799218852899358
2022-11-01,-0.0005124320157943174
2022-11-02,-0.01603042401585597
2022-11-03,0.002501116490787325
2022-11-04,0.04533199824767209
2022-11-05,0.006385182519711208
2022-11-06,-0.016878487268053632
2022-11-07,-0.01558785986522615
2022-11-08,-0.10542864681146114
2022-11-09,-0.15488954817014822
2022-11-10,0.10203740901128455
2022-11-11,-0.03191845360130152
2022-11-12,-0.013898139747380966
2022-11-13,-0.02689670498469887
2022-11-14,0.01606473240459927
2022-11-15,0.01590431717951546
2022-11-16,-0.012825680370736947
2022-11-17,0.0010839194206493374
2022-11-18,0.000614627845701321
2022-11-19,0.0008242927596793237
2022-11-20,-0.02543603029442032
2022-11-21,-0.031459062587073205
2022-11-22,0.025174715080391152
2022-11-23,0.025667956985737206
2022-11-24,-0.00037586363225727837
2022-11-25,-0.00498837489510251
2022-11-26,-0.0034899891216237933
2022-11-27,-0.001194466804580685
2022-11-28,-0.013918848240971116
2022-11-29,0.01394046411034644
2022-11-30,0.04305976658394428
2022-12-01,-0.011802068595368809
2022-12-02,0.0071369860458059264
2022-12-03,-0.010614234867796668
2022-12-04,0.01305884246336575
2022-12-05,-0.009128269217153928
2022-12-06,0.006733035250819697
2022-12-07,-0.014224977832437702
2022-12-08,0.02261420008103876
2022-12-09,-0.00583837050588798
2022-12-10,-0.00025846420531472347
2022-12-11,-0.0014331967973895132
2022-12-12,0.005959927912305929
2022-12-13,0.03286478873072873
2022-12-14,0.001928930642170812
2022-12-15,-0.025628381021023827
2022-12-16,-0.04218980898150093
2022-12-17,0.008827572352892332
2022-12-18,-0.0022123311713588834
2022-12-19,-0.01917645189485384
2022-12-20,0.027988705082472976
2022-12-21,-0.005264509420177532
2022-12-22,0.0007612154110798741
2022-12-23,-0.0019858084288220113
2022-12-24,0.003019956154723502
2022-12-25,-0.00034250967397042587
2022-12-26,0.004609855984671896
2022-12-27,-0.012048246868378243
2022-12-28,-0.009895050300251285
2022-12-29,0.00540864482552017
2022-12-30,-0.0023916958787602027
2022-12-31,-0.0033236656495585493
2023-01-01,0.004677606311577875
2023-01-02,0.0038057006847047603
2023-01-03,-0.0005162548994981364
2023-01-04,0.010934153962034898
2023-01-05,-0.001572817718438202
2023-01-06,0.006820792235552986
2023-01-07,0.00018340582830411734
2023-01-08,0.007993082349020852
2023-01-09,0.006148589187306541
2023-01-10,0.014418133870886862
2023-01-11,0.027621150497731506
2023-01-12,0.050803180490186506
2023-01-13,0.053649212803669855
2023-01-14,0.052192440560840936
2023-01-15,-0.0045631527773633
2023-01-16,0.01373771995227635
2023-01-17,-0.00038332437933341623
2023-01-18,-0.022592831153300352
2023-01-19,0.01905533410289806
2023-01-20,0.07268455261104734
2023-01-21,0.004447222994452105
2023-01-22,-0.0025147902304318848
2023-01-23,0.009375442198569672
2023-01-24,-0.013077079200906283
2023-01-25,0.02104318470132327
2023-01-26,-0.003687148593844114
2023-01-27,0.0019930464741655385
2023-01-28,-0.0020663143130938977
2023-01-29,0.03177133538504506
2023-01-30,-0.040096914665952
2023-01-31,0.013012288539513861
2023-02-01,0.02494573459000371
2023-02-02,-0.010674749877368939
2023-02-03,-0.0009611362476711349
2023-02-04,-0.005022313742864881
2023-02-05,-0.016254488231275843
2023-02-06,-0.008555376421284677
2023-02-07,0.021910195714932357
2023-02-08,-0.014063722484005226
2023-02-09,-0.050072947921117716
2023-02-10,-0.007722817724904019
2023-02-11,0.010095720621825066
2023-02-12,-0.003787160762945163
2023-02-13,0.0009128497942381131
2023-02-14,0.018747466050136552
2023-02-15,0.089770007863196
2023-02-16,-0.02855810148156479
2023-02-17,0.03910624942609964
2023-02-18,0.00307582364881398
2023-02-19,-0.012809719094438066
2023-02-20,0.02040504474431515
2023-02-21,-0.015946381537723653
2023-02-22,-0.010180396881002807
2023-02-23,-0.010027916762018307
2023-02-24,-0.03179206740644425
2023-02-25,-0.0009812480831641324
2023-02-26,0.016511545833870045
2023-02-27,-0.0016286524916946377
2023-02-28,-0.0160927308751031
2023-03-01,0.021336804939162235
2023-03-02,-0.00726135020948071
2023-03-03,-0.048562425729771874
2023-03-04,-0.0004173035221199939
2023-03-05,0.003668954675324798
2023-03-06,-0.0002565841781922984
2023-03-07,-0.009406138966042477
2023-03-08,-0.022837315061131847
2023-03-09,-0.06442451332853238
2023-03-10,-0.008669656883114385
2023-03-11,0.02181222124411164
2023-03-12,0.07160391184532955
2023-03-13,0.0877836343684848
2023-03-14,0.022416164797506966
2023-03-15,-0.015069419825618269
2023-03-16,0.027387721969649448
2023-03-17,0.09043081735478786
2023-03-18,-0.016843655914946964
2023-03-19,0.03901251239696357
2023-03-20,-0.009728058677074714
2023-03-21,0.014607259457310562
2023-03-22,-0.03130493478602503
2023-03-23,0.036902430921442075
2023-03-24,-0.03011973318555583
2023-03-25,5.1715836265842086e-05
2023-03-26,0.018008477903471487
2023-03-27,-0.030997440056031778
2023-03-28,0.004714100093913487
2023-03-29,0.03885339931269094
2023-03-30,-0.01116959874133272
2023-03-31,0.015746414888454296
2023-04-01,-0.00237123642140169
2023-04-02,-0.007480171844974848
2023-04-03,-0.014613274150395483
2023-04-04,0.013505585874638015
2023-04-05,0.000351205704706814
2023-04-06,-0.004761257346579839
2023-04-07,-0.0042266008962954515
2023-04-08,0.0007851839396586513
2023-04-09,0.013690692528907533
2023-04-10,0.04553364675738969
2023-04-11,0.01943948956433239
2023-04-12,-0.0031803678161335114
2023-04-13,0.00859013376828166
2023-04-14,0.002845797962017116
2023-04-15,-0.005499737167522056
2023-04-16,-0.00010359312238605867
2023-04-17,-0.029128723276819812
2023-04-18,0.03183646099781612
2023-04-19,-0.05319953662867327
2023-04-20,-0.02021112661928015
2023-04-21,-0.03491087727171305
2023-04-22,0.019624756556398282
2023-04-23,-0.008161741227379338
2023-04-24,-0.0023965485595702773
2023-04-25,0.02802320777395373
2023-04-26,0.004057925868579559
2023-04-27,0.036313132862295205
2023-04-28,-0.004540602889752776
2023-04-29,-0.0031328032278832296
2023-04-30,0.0006944394889973893
2023-05-01,-0.04105285621101551
2023-05-02,0.02074927029112139
2023-05-03,0.011294600825028311
2023-05-04,-0.005482697825375027
2023-05-05,0.023524523635352068
2023-05-06,-0.02155362050914711
2023-05-07,-0.015678412319992674
2023-05-08,-0.027097480312589184
2023-05-09,-0.0012826051136460848
2023-05-10,-0.0013393336115541388
2023-05-11,-0.022737627872803756
2023-05-12,-0.0072780171559241325
2023-05-13,-0.0007804618022575482
2023-05-14,0.005457011385946231
2023-05-15,0.00968368817972376
2023-05-16,-0.005754943306691018
2023-05-17,0.013305949198469946
2023-05-18,-0.020896322938492418
2023-05-19,0.002156270430170082
2023-05-20,0.008865600285433928
2023-05-21,-0.013947366814537787
2023-05-22,0.0036358955711435215
2023-05-23,0.013848962643425722
2023-05-24,-0.033270400187896954
2023-05-25,0.005354526205138654
2023-05-26,0.009139332662057242
2023-05-27,0.005563330344848794
2023-05-28,0.044309499753600434
2023-05-29,-0.01217111210733357
2023-05-30,-0.0015702994220330169
2023-05-31,-0.017577792723265873
2023-06-01,-0.014792581991187603
2023-06-02,0.01589161106579695
2023-06-03,-0.006422915434420418
2023-06-04,0.0016214839753008192
2023-06-05,-0.05141034569889236
2023-06-06,0.0558151185623359
2023-06-07,-0.03332542412080919
2023-06-08,0.006138366063705547
2023-06-09,-0.0010508601377399174
2023-06-10,-0.024045314677472618
2023-06-11,0.003434076224344551
2023-06-12,-0.0014531650030544796
2023-06-13,0.000626326955973866
2023-06-14,-0.03111535403261989
2023-06-15,0.017819375410116578
2023-06-16,0.028942773265370647
2023-06-17,0.006934900793206467
2023-06-18,-0.006602603438313537
2023-06-19,0.019359247201741425
2023-06-20,0.05352849528514092
2023-06-21,0.058274213206820136
2023-06-22,-0.0038377235796946962
2023-06-23,0.025845905768154154
2023-06-24,-0.004793067902493675
2023-06-25,-0.0022426607224286244
2023-06-26,-0.006884835938176792
2023-06-27,0.013682563415242655
2023-06-28,-0.019808917913037405
2023-06-29,0.01186519753773041
2023-06-30,0.0010472432791654995
2023-07-01,0.0036951443630783842
2023-07-02,0.0010028094691438838
2023-07-03,0.01734242631795979
2023-07-04,-0.012234379050443778
2023-07-05,-0.008595533521292609
2023-07-06,-0.020020299639947226
2023-07-07,0.014370909980298663
2023-07-08,-0.0016401345457062178
2023-07-09,-0.004012544787340033
2023-07-10,0.008029538805166325
2023-07-11,0.006765948365584862
2023-07-12,-0.0075166695389672356
2023-07-13,0.03505911799946482
2023-07-14,-0.036955452769761976
2023-07-15,-0.0012621409438580145
2023-07-16,-0.001541791528486769
2023-07-17,-0.0034189652941130078
2023-07-18,-0.009643886494909992
2023-07-19,0.0019193869502824867
2023-07-20,-0.0040836263076453605
2023-07-21,0.003910458253166382
2023-07-22,-0.004589155219131058
2023-07-23,0.010449658783391769
2023-07-24,-0.030633538164858365
2023-07-25,0.001728455480240143
2023-07-26,0.0043556533334641045
2023-07-27,-0.0049272385842940025
2023-07-28,0.0037094442045351173
2023-07-29,0.0012840607690716155
2023-07-30,-0.002783773787438548
2023-07-31,-0.001545062822442489
2023-08-01,0.015130233826088357
2023-08-02,-0.017807507516909737
2023-08-03,0.0009161807791748799
2023-08-04,-0.0035908335462959684
2023-08-05,-0.001100031889921027
2023-08-06,-9.347994529562698e-06
2023-08-07,0.0047652738023771235
2023-08-08,0.01984638697905261
2023-08-09,-0.006877101417060771
2023-08-10,-0.004471948989328567
2023-08-11,-0.0010837469218056839
2023-08-12,0.0006206039371345895
2023-08-13,-0.00453334072444278
2023-08-14,0.004277614074716496
2023-08-15,-0.00812912011875433
2023-08-16,-0.016193584838703146
2023-08-17,-0.07362412009606345
2023-08-18,-0.02333424865381062
2023-08-19,0.0017891559507905441
2023-08-20,0.003571869420106566
2023-08-21,-0.0025019588646060242
2023-08-22,-0.0035464695192519713
2023-08-23,0.015248455549160767
2023-08-24,-0.010239565761125391
2023-08-25,-0.004393992436940053
2023-08-26,-0.0015062619864458782
2023-08-27,0.0031183650409936092
2023-08-28,0.0006305878251211539
2023-08-29,0.06024989257085167
2023-08-30,-0.015634289371323717
2023-08-31,-0.05132914544958922
2023-09-01,-0.005054814300672561
2023-09-02,0.0026349868784762975
2023-09-03,0.003887765541687571
2023-09-04,-0.006069712504034541
2023-09-05,-0.001257301424429258
2023-09-06,-0.0010380138015939622
2023-09-07,0.018732105501950258
2023-09-08,-0.012831149860508262
2023-09-09,-0.0003851855630792045
2023-09-10,-0.0024532679048565598
2023-09-11,-0.02626188106748195
2023-09-12,0.026305127952918284
2023-09-13,0.015173852958685785
2023-09-14,0.011800835130971521
2023-09-15,0.00259724140931894
2023-09-16,-0.0015199103541192471
2023-09-17,-0.0012840741866497751
2023-09-18,0.008260511389751812
2023-09-19,0.016931102662432806
2023-09-20,-0.0029114788993922502
2023-09-21,-0.02102046771669741
2023-09-22,0.0004491505408559249
2023-09-23,-6.6869020169946225e-06
2023-09-24,-0.012210127075315214
2023-09-25,0.0015851607862167327
2023-09-26,-0.0030935695955243148
2023-09-27,0.00515378285278878
2023-09-28,0.025063206234960944
2023-09-29,-0.004072674570299029
2023-09-30,0.0020859581206860156
2023-10-01,0.03697612085638191
2023-10-02,-0.01631914578851479
2023-10-03,-0.003668317065944393
2023-10-04,0.01337771930248266
2023-10-05,-0.013890662255843012
2023-10-06,0.019171883788155597
2023-10-07,0.0007955652201818708
2023-10-08,-0.0012074286830614511
2023-10-09,-0.012659387727927296
2023-10-10,-0.007009006012591357
2023-10-11,-0.019081220842270596
2023-10-12,-0.00434538164717857
2023-10-13,0.003938005783231446
2023-10-14,-2.4866641728849004e-05
2023-10-15,0.01103076031587058
2023-10-16,0.048854397304765484
2023-10-17,-0.0036433994327751407
2023-10-18,-0.003080719749686267
2023-10-19,0.013724231161472034
2023-10-20,0.032985768982552344
2023-10-21,0.00790129991607813
2023-10-22,0.002519829955234698
2023-10-23,0.09812340552916154
2023-10-24,0.02434275178777412
2023-10-25,0.017581001125126505
2023-10-26,-0.010083818433932024
2023-10-27,-0.007253169256571823
2023-10-28,0.005287514961398898
2023-10-29,0.013082482218138125
2023-10-30,-0.0010462557765205105
2023-10-31,0.004782938801692893
2023-11-01,0.021952875620689483
2023-11-02,-0.014181643038138958
2023-11-03,-0.005911206955145687
2023-11-04,0.010022958693683748
2023-11-05,-0.0009365213169942876
2023-11-06,-0.00034198701250787167
2023-11-07,0.011526405303600384
2023-11-08,0.0059555252934746505
2023-11-09,0.02869223982446556
2023-11-10,0.016778346050335458
2023-11-11,-0.004725682318408531
2023-11-12,-0.002251742592081385
2023-11-13,-0.015013537055029502
2023-11-14,-0.02678435783979438
2023-11-15,0.0638461992762771
2023-11-16,-0.046629756190665006
2023-11-17,0.012148746966680335
2023-11-18,-0.0003000850156649193
2023-11-19,0.021653391391504684
2023-11-20,0.0024153344549944222
2023-11-21,-0.04539262192194826
2023-11-22,0.044201389467836805
2023-11-23,-0.0038199994154339834
2023-11-24,0.01148288092363181
2023-11-25,0.002026342935600667
2023-11-26,-0.00844024984109204
2023-11-27,-0.0060201767439203024
2023-11-28,0.015367313611232447
2023-11-29,0.0007241750284947557
2023-11-30,-0.003857188998471983
2023-12-01,0.02555073011462916
2023-12-02,0.02015244313871989
2023-12-03,0.012637770520489866
2023-12-04,0.04885656688656326
2023-12-05,0.048825234559730646
2023-12-06,-0.007610515703399656
2023-12-07,-0.010427160036986294
2023-12-08,0.019985683234800433
2023-12-09,-0.010026349184727223
2023-12-10,0.0012276882664217226
2023-12-11,-0.0596686466968368
2023-12-12,0.004991678164291358
2023-12-13,0.034162749571038376
2023-12-14,0.003101461159202401
2023-12-15,-0.0257616788095838
2023-12-16,0.0073746285491580466
2023-12-17,-0.02094342240847169
2023-12-18,0.029979669511789098
2023-12-19,-0.008316570718614358
2023-12-20,0.03216473724475044
2023-12-21,0.004956565640048538
2023-12-22,0.0029305657871940838
2023-12-23,-0.005889392398977122
2023-12-24,-0.01667770259648016
2023-12-25,0.013783631646973049
2023-12-26,-0.025374479539831185
2023-12-27,0.02146239120433968
2023-12-28,-0.01893848326303349
2023-12-29,-0.012474379352008569
2023-12-30,0.0013648832366826014
2023-12-31,0.0025653289520555234
2024-01-01,0.0440216648373255
2024-01-02,0.0177426040136055
2024-01-03,-0.04806495357875562
2024-01-04,0.03060735771828682
2024-01-05,-0.0003900828451524063
2024-01-06,-0.003936304127510226
2024-01-07,-0.0010484808007760194
2024-01-08,0.06662426635587337
2024-01-09,-0.017845417106437722
2024-01-10,0.010522032751948629
2024-01-11,-0.005574241147522585
2024-01-12,-0.07884262883299442
2024-01-13,-0.00025170866418555704
2024-01-14,-0.02472077535535888
2024-01-15,0.016978564046420175
2024-01-16,0.015011364505806313
2024-01-17,-0.009599712825862028
2024-01-18,-0.03525390600437994
2024-01-19,0.008599127738074586
2024-01-20,0.001132983453546288
2024-01-21,-0.0028794349245568895
2024-01-22,-0.05030891028125595
2024-01-23,0.008523584257922323
2024-01-24,0.005793705727986875
2024-01-25,-0.0035811572894939303
2024-01-26,0.04607657449481728
2024-01-27,0.007224112855396925
2024-01-28,-0.002007256017307668
2024-01-29,0.029364415736914395
2024-01-30,-0.007783744989936281
2024-01-31,-0.008651552809046947
